,University,Department,Overall Pay,Living Wage Ratio,Academic Year,Program Year,Comments,12M Gross Pay,9M Gross Pay,3M Gross Pay,Fees,Aggregate Department
0,Harvard University,history,28428,1.08,2011,1st,,"$28,428",,,,history
1,Boston University,graduate division of religious studies,20000,0.76,2011,1st,,,"$20,000",,,graduate division of religious studies
2,Boston University,management,34000,1.29,2012,1st,,,"$27,000","$7,500",$500,management
3,Boston University,economics,23000,0.87,2012,5th,,,"$19,000","$4,000",,economics
4,MIT,materials science and engineering,30413,1.19,2013,3rd,,"$30,413",,,,materials science and engineering
5,Northeastern University,biology,30900,1.17,2013,,,"$30,900",,,,biology
6,Harvard University,epidemiology,22000,0.84,2013,1st,"NIH Training grant (T32),<br>funding also includes tuition and health insurance.<br>Can earn additional <span class=""truncated""> money as a TA,<br>or working on (non-training grant-related)<br>research or consulting projects.<br></span>","$22,000",,,,epidemiology
7,MIT,math,33000,1.29,2013,6th and up,,"$33,000",,,,math
8,Boston University,management,30100,1.14,2013,2nd,,,"$27,000","$3,600",$500,management
9,Northeastern University,applied psychology,16000,0.61,2014,1st,,,"$16,000",,,applied psychology
10,Boston University,biology,30795,1.17,2014,1st,,"$30,795",,,,biology
11,Boston University,anthropology,20000,0.76,2014,,,,"$20,000",,,anthropology
12,Boston University,religious studies,21000,0.8,2014,3rd,,,"$21,000",,,religious studies
13,Tufts University,human development,18475,0.72,2014,4th,,,"$18,500",,$25,human development
14,Boston University,biochemistry,32500,1.23,2014,4th,,"$32,500",,,,biochemistry
15,Tufts University,biology,29450,1.15,2014,5th,,"$29,500",,,$50,biology
16,Boston University,chemistry,27000,1.03,2014,4th,,"$27,000",,,,chemistry
17,Boston University,physics,30550,1.16,2014,2nd,Health Insurance Covered,"$30,750",,,$200,physics
18,MIT,physics,33800,1.32,2014,5th,,"$34,000",,,$200,physics
19,MIT,microbiology,33712,1.32,2014,,,"$34,000",,,$288,microbiology
20,MIT,electrical engineering and computer science,32952,1.29,2014,6th and up,,"$33,252",,,$300,electrical engineering and computer science
21,Harvard University,biological and biomedical sciences,34608,1.32,2014,4th,"All PhD students in the Biological and Biomedical Sciences (BBS)<br>PhD program get the same stipend <span class=""truncated""> regardless of what year they are currently in (1st-6th+)</span>","$34,608",,,,biological and biomedical sciences
22,Harvard University,chemistry and chemical biology,33204,1.26,2014,,,"$33,204",,,,chemistry and chemical biology
23,Harvard University,division of medical sciences/ biological and biomedical sciences,34608,1.32,2014,3rd,,"$34,608",,,,division of medical sciences/ biological and biomedical sciences
24,Harvard University,bbs,34583,1.31,2014,3rd,,"$34,608",,,$25,bbs
25,Harvard University,bbs,33500,1.27,2014,3rd,,"$33,500",,,,bbs
26,MIT,biology,34000,1.33,2014,6th and up,"Increases $1000 each year (on-campus housing increases by about $1200 each year).<br>TAs used to get a <span class=""truncated""> bonus but not anymore.<br></span>","$34,000",,,,biology
27,Tufts University,molecular microbiology,31340,1.23,2014,1st,,"$31,500",,,$160,molecular microbiology
28,Boston University,religious studies,22000,0.77,2015,3rd,,,"$22,000",,,religious studies
29,Boston University,graduate division of religious studies,20000,0.7,2015,5th,"Current pay (5th year)<br>is not part of the fellowship package awarded upon admission,<br>which provided <span class=""truncated""> 4 years of funding.<br>It comes from an RA position (coincidentally from my own department)<br>that was sought out.</span>",,"$20,000",,,graduate division of religious studies
30,UMass Boston,chemistry,23000,0.8,2015,1st,,,"$17,000","$8,000","$2,000",chemistry
31,Harvard University,chemical biology,35652,1.24,2015,1st,,"$35,652",,,,chemical biology
32,Tufts University,child study and human development,21000,0.75,2015,2nd,,,"$21,000",,,child study and human development
33,Boston University,history,20150,0.7,2015,1st,"First year is fellowship - not allowed to have any outside paid work for 9 mos.<br>Second and <span class=""truncated""> subsequent years are TA/RA positions.<br></span>",,"$20,500",,$350,history
34,Boston University,english,20000,0.7,2015,1st,,"$20,000",,,,english
35,Northeastern University,applied psychology,24000,0.84,2015,2nd,,"$24,000",,,,applied psychology
36,Boston University,mechanical engineering,33000,1.15,2015,4th,,"$33,000",,,,mechanical engineering
37,MIT,electrical engineering and computer science,34184,1.22,2015,1st,,"$34,488",,,$304,electrical engineering and computer science
38,MIT,31512,31512,1.13,2015,1st,,"$31,512",,,,31512
39,MIT,nuclear science and engineering,31512,1.13,2015,1st,,"$31,512",,,,nuclear science and engineering
40,MIT,operations research center,34448,1.23,2015,1st,,"$34,448",,,,operations research center
41,Boston University,neuroscience,31000,1.08,2015,1st,Tuition waived,"$31,000",,,,neuroscience
42,Tufts University,biomedical engineering,32000,1.15,2015,1st,,"$32,000",,,,biomedical engineering
43,Harvard University,art history,34000,1.19,2016,1st,,,"$34,000",,,art history
44,Tufts University,mammalian genetics,32880,1.18,2016,1st,Fee is only for first year.,"$33,000",,,$120,mammalian genetics
45,Boston University,spanish,20000,0.7,2016,1st,,,"$20,000",,,spanish
46,Boston University,spanish,20000,0.7,2016,1st,,,"$20,000",,,spanish
47,Boston University,spanish,20000,0.7,2016,1st,,,"$20,000",,,spanish
48,Tufts University,biology,30892,1.11,2016,3rd,"We get paid in two lump sums in June for the entire summer,<br>so paycheck amount varies but monthly <span class=""truncated""> pay doesn&#39;t.</span>","$30,922",,,$30,biology
49,Tufts University,biology,30000,1.07,2016,,,"$30,000",,,,biology
50,MIT,materials science and engineering,35420,1.27,2016,5th,,"$35,700",,,$280,materials science and engineering
51,MIT,chemical engineering,40300,1.44,2016,1st,,"$40,300",,,,chemical engineering
52,Harvard University,school of engineering and applied sciences (seas),35200,1.23,2016,2nd,3.5% rise,"$35,200",,,,school of engineering and applied sciences (seas)
53,Harvard University,biostatistics,33000,1.15,2016,4th,,"$33,000",,,,biostatistics
54,MIT,chemistry,37000,1.32,2016,1st,,"$37,000",,,,chemistry
55,Tufts University,theatre and performance studies,21000,0.75,2016,1st,"All Grad students in Theatre and Performance studies receive five years of  tuition remission,<br>health <span class=""truncated""> insurance,<br>and fellowships/TAships at $21,000 per year</span>","$21,000",,,,theatre and performance studies
56,Boston University,earth sciences,32250,1.13,2016,1st,,"$32,250",,,,earth sciences
57,Tufts University,mechanical eng,28440,1.02,2016,1st,,"$28,440",,,,mechanical eng
58,MIT,chemical engineering,37900,1.36,2016,4th,,"$38,220",,,$320,chemical engineering
59,Boston University,bme,32500,1.13,2016,1st,,"$32,500",,,,bme
60,MIT,mechanical engineering,32460,1.16,2016,1st,,"$32,616",,,$156,mechanical engineering
61,MIT,mechanical engineering,37000,1.32,2016,3rd,,,"$33,000","$7,000","$3,000",mechanical engineering
62,Northeastern University,computer science,31640,1.1,2016,1st,,"$31,920",,,$280,computer science
63,Harvard University,seas,37000,1.29,2016,1st,,"$37,000",,,,seas
64,MIT,education,50000,1.79,2016,5th,,"$50,000",,,,education
65,Boston University,,32250,1.13,2016,,,"$32,250",,,,
66,Boston University,,32250,1.13,2016,1st,,"$32,250",,,,
67,Harvard University,economics,30000,1.05,2016,1st,,"$30,000",,,,economics
68,Tufts University,biology,31500,1.13,2016,1st,,"$32,000",,,$500,biology
69,Tufts University,physics,29500,1.06,2016,2nd,,"$29,500",,,,physics
70,Tufts University,biology,31507,1.13,2016,4th,Paid 12 month salary but summer pay comes in two lump sums.,"$31,507",,,,biology
71,Boston University,biology,30000,1.05,2016,1st,,"$30,000",,,,biology
72,Harvard University,finance,41000,1.43,2016,1st,,"$41,000",,,,finance
73,Harvard University,,37200,1.3,2016,2nd,,"$37,200",,,,
74,Boston University,theology,22412,0.78,2016,,,,"$22,660",,$248,theology
75,Harvard University,division of medical sciences,37000,1.29,2016,2nd,,"$37,000",,,,division of medical sciences
76,MIT,,36000,1.29,2016,1st,,"$39,000",,,"$3,000",
77,Harvard University,school of engineering and applied sciences,30550,1.07,2016,1st,,"$33,000",,,"$2,450",school of engineering and applied sciences
78,Boston University,earth and environment,30750,1.07,2016,4th,All fees covered.<br>Includes basic health insurance.,"$30,750",,,,earth and environment
79,MIT,civil environmental engineering (cee),43700,1.56,2016,1st,No health insurance or other benefits.,"$43,700",,,,civil environmental engineering (cee)
80,Harvard University,physics,29800,1.04,2016,,,"$29,800",,,,physics
81,Tufts University,physics,24200,0.87,2016,,,"$24,200",,,,physics
82,Northeastern University,physics,23190,0.81,2016,,,"$23,190",,,,physics
83,MIT,,33700,1.21,2016,,"Excluding health insurance,<br>$1400 paid for by school","$34,000",,,$300,
84,Boston University,program in biomedical sciences (pibs),34000,1.19,2016,,,"$34,000",,,,program in biomedical sciences (pibs)
85,Northeastern University,sociology,25750,0.9,2016,2nd,,,"$24,000","$2,000",$250,sociology
86,MIT,operations resesarch,24480,0.88,2016,1st,,,"$24,480",,,operations resesarch
87,UMass Boston,biology,22000,0.77,2016,1st,,,"$22,000",,,biology
88,MIT,meche,33973,1.22,2016,5th,,"$33,973",,,,meche
89,Tufts University,english,20000,0.72,2016,,,"$20,000",,,,english
90,Harvard University,seas,36000,1.26,2016,1st,,"$36,000",,,,seas
91,Boston University,"ecology, evolutionary biology, and behavior",26875,0.94,2016,1st,,"$26,875",,,,"ecology, evolutionary biology, and behavior"
92,Northeastern University,history,33744,1.18,2016,1st,,"$33,744",,,,history
93,Harvard University,bioengineering,27000,0.94,2016,1st,,"$32,000",,,"$5,000",bioengineering
94,Boston University,sociology,21500,,2016,2nd,,,"$21,500",,,sociology
95,Northeastern University,english,20000,0.7,2016,,,,"$20,000",,,english
96,Tufts University,mechanical engineering,23500,0.84,2016,5th,,"$24,000",,,$500,mechanical engineering
97,Boston University,theology,19352,0.68,2016,1st,,,"$21,000",,"$1,648",theology
98,Harvard University,education,32750,1.14,2016,1st,"Presidential Scholarship,<br>$27,500 for the academic year + guaranteed summer research stipend of <span class=""truncated""> $5,250.<br></span>",,"$27,500","$5,250",,education
99,Harvard University,african american studies,33120,1.16,2016,1st,"full funding,<br>health insurance (summer stipend included in this total).<br>funding for 6 years","$33,120",,,,african american studies
100,MIT,philosophy,28740,1.03,2016,1st,+ health insurance.,"$28,740",,,,philosophy
101,Harvard University,earth and planetary science,35232,1.23,2016,1st,"plus $2,500 start up money,<br>and stipend includes waiver for health insurance.","$35,232",,,,earth and planetary science
102,MIT,political science,30668,1.1,2016,1st,,,"$25,668","$5,000",,political science
103,Harvard University,biological and biomedical sciences,36670,1.28,2016,2nd,,"$36,720",,,$50,biological and biomedical sciences
104,Boston University,economics,21500,0.75,2016,1st,,,"$21,500",,,economics
105,MIT,brain and cognitive science,34500,1.24,2016,1st,,"$34,500",,,,brain and cognitive science
106,Northeastern University,biology,31500,1.1,2016,5th,"Summer funding is dependent on the lab.<br>Some only get paid for 10 months.<br>I have a summer RA so get <span class=""truncated""> paid for the full 12 months.<br></span>","$32,000",,,$500,biology
107,Boston University,earth sciences,31380,1.1,2016,1st,,"$31,500",,,$120,earth sciences
108,Boston University,electrical and computer engineering,31980,1.12,2016,1st,An additional relocation fee of 3000$ was given in the first year.,"$32,000",,,$20,electrical and computer engineering
109,Harvard University,seas,35000,1.22,2016,6th and up,,"$35,000",,,,seas
110,Boston University,new england and american studies program,20500,0.72,2016,,,,"$20,500",,,new england and american studies program
111,Harvard University,english,32960,1.15,2016,,,,"$27,600","$5,360",,english
112,Harvard University,biological and biomedical sciences,36720,1.28,2016,2nd,,"$36,720",,,,biological and biomedical sciences
113,Tufts University,mechanical engineering,24000,0.86,2016,1st,,"$24,000",,,,mechanical engineering
114,Harvard University,neurobiology,36720,1.28,2016,3rd,,"$36,720",,,,neurobiology
115,UMass Boston,school of global inclusion and social development,16888,0.59,2016,1st,,,"$16,888",,,school of global inclusion and social development
116,Harvard University,department of medical sciences,30550,1.07,2016,6th and up,,"$30,600",,,$50,department of medical sciences
117,Tufts University,chemistry,29500,1.06,2016,1st,,"$29,500",,,,chemistry
118,Boston University,gms pibs,31000,1.08,2016,2nd,,"$31,000",,,,gms pibs
119,Tufts University,engineering,29000,1.04,2016,1st,,,"$25,000","$4,000",,engineering
120,MIT,hasts,25866,0.93,2016,1st,,,"$25,866",,,hasts
121,Boston University,biology,31000,1.08,2016,6th and up,,"$31,000",,,,biology
122,Northeastern University,bioengineering,29750,1.04,2016,4th,"Our contracts are semester-by-semester too,<br>so we don&#39;t always know if we&#39;re getting paid the next <span class=""truncated""> semester or not.<br> Sometimes people are fine,<br>sometimes they get screwed.<br></span>","$30,000",,,$250,bioengineering
123,MIT,chemical engineering,37020,1.33,2016,3rd,,"$37,020",,,,chemical engineering
124,Harvard University,biological sciences in public health phd,36720,1.28,2016,1st,PhD,"$36,720",,,,biological sciences in public health phd
125,MIT,biology,36000,1.29,2016,2nd,,"$36,000",,,,biology
126,Boston University,bioinformatics,32250,1.13,2016,,,"$32,250",,,,bioinformatics
127,Boston University,pharmacology,32500,1.13,2016,1st,,"$32,500",,,,pharmacology
128,Harvard University,dms,38200,1.33,2016,1st,Herchel Smith Fellowship,"$38,200",,,,dms
129,Boston University,religion,21000,0.73,2016,5th,,,"$21,000",,,religion
130,MIT,chemistry,35760,1.28,2016,1st,,"$35,760",,,,chemistry
131,Harvard University,art history,33120,1.16,2016,,no teaching until 3rd year,"$33,120",,,,art history
132,Boston University,sociology,21000,0.73,2016,1st,,,"$21,000",,,sociology
133,Harvard University,biological and biomedical sciences,35850,1.25,2016,,,"$36,000",,,$150,biological and biomedical sciences
134,MIT,linguistics,28740,1.03,2016,1st,,,"$25,866","$2,874",,linguistics
135,MIT,"history/anthro/science, technology and society",34368,1.23,2017,1st,"We are funded for 2 out 3 summer months; student-workers are left to find their own funding for the <span class=""truncated""> 3rd month.<br>*Usually* everyone finds a fellowship,<br>RAship,<br>or job,<br>but not always.<br>

Pay for 1st year is a university fellowship.<br>For all other years,<br>it is a combination of TAships and fellowships.<br>We are guaranteed 5 years funding.<br>Many outside fellowships we win count against stipend funds (excepting those for specifics like research travel).<br>Given Boston&#39;s high cost of living and my student loan payments from undergrad,<br>I often end up relying on a credit line between paydays.<br></span>",,"$28,242","$6,276",$150,"history/anthro/science, technology and society"
136,MIT,electrical engineering and computer science,39600,1.42,2017,1st,,"$39,600",,,,electrical engineering and computer science
137,Boston University,psychological and brain sciences,20000,0.7,2017,1st,It was an 8 month salary (Sept-April),,"$20,000",,,psychological and brain sciences
138,Northeastern University,bioengineering,32015,1.12,2017,1st,STARS Stipend,"$32,015",,,,bioengineering
139,Boston University,electrical and computer engineering department,25833,0.9,2017,1st,,"$33,990",,,"$8,157",electrical and computer engineering department
140,Boston University,bioengineering,33000,1.15,2017,1st,,"$33,000",,,,bioengineering
141,Northeastern University,economics,22000,0.77,2017,1st,,"$22,000",,,,economics
142,Tufts University,child study and human development,21000,0.75,2017,1st,,,"$21,000",,,child study and human development
143,MIT,,36000,1.29,2017,1st,,"$36,000",,,,
144,Harvard University,committee on the study of religion,33624,1.17,2017,1st,"Includes tuition,<br>health insurance,<br>one-time $2500 professional development stipend,<br>and various <span class=""truncated""> other subsidies.<br></span>","$33,624",,,,committee on the study of religion
145,Boston University,american and new england studies,22000,0.77,2017,1st,,,"$22,000",,,american and new england studies
146,Harvard University,psychology,33624,1.17,2017,1st,,"$33,624",,,,psychology
147,Tufts University,mechanical engineering,33400,1.2,2017,1st,Plus insurance is paid.<br>$28400 plus $5000 additional grant.,"$33,400",,,,mechanical engineering
148,Northeastern University,political science,21500,0.75,2017,1st,,"$21,500",,,,political science
149,Boston University,pharmacology and expeirmental therapeutics,32500,1.13,2017,2nd,,"$32,500",,,,pharmacology and expeirmental therapeutics
150,Harvard University,health policy (management),41000,1.43,2017,1st,,"$41,000",,,,health policy (management)
151,Tufts University,public health,25000,0.9,2017,1st,,"$25,000",,,,public health
152,Harvard University,government,33624,1.17,2017,1st,"Health insurance and all fees are covered,<br>one-time stipend of $2500 for professional development <span class=""truncated""> offered in addition to the $33.6k yearly stipend</span>","$33,624",,,,government
153,Harvard University,government (political science),33624,1.17,2017,1st,,"$33,624",,,,government (political science)
154,MIT,,36895,1.32,2017,1st,,"$37,000",,,$105,
155,MIT,linguistics,34034,1.22,2017,1st,"9 months of stipends + summer support.

the student life fee and the individual health insurance <span class=""truncated""> fee also offered.</span>",,"$27,846","$6,188",,linguistics
156,Harvard University,biological and biomedical science,37235,1.3,2017,5th,,"$37,260",,,$25,biological and biomedical science
157,Harvard University,sociology,34632,1.21,2017,1st,,,"$28,860","$5,772",,sociology
158,Harvard University,african american studies,34632,1.21,2017,1st,,,"$28,860","$5,772",,african american studies
159,Harvard University,biostatistics,36000,1.26,2017,1st,34632 yearly stipend + 1500 first year startup stipend,"$36,000",,,,biostatistics
160,Harvard University,psychology,33600,1.17,2017,2nd,,"$33,600",,,,psychology
161,Boston University,earth and environment,32000,1.12,2017,1st,,"$32,000",,,,earth and environment
162,Harvard University,neurobiology/program in neuroscience,37260,1.3,2017,6th and up,,"$37,260",,,,neurobiology/program in neuroscience
163,Harvard University,systems biology,37260,1.3,2017,6th and up,,"$37,260",,,,systems biology
164,Harvard University,biology,37225,1.3,2017,,"Plus full tuition coverage,<br>and health insurance,<br>but dental insurance costs costs extra,<br>and no <span class=""truncated""> vision coverage is offered.</span>","$37,250",,,$25,biology
165,Boston University,anthropology,22660,,2017,1st,"It&#39;s for 8 months,<br>not 9.<br>Full tuition waiver and fees,<br>insurance included.",,"$22,660",,,anthropology
166,MIT,urban studies and planning,37680,1.35,2017,1st,,"$37,680",,,,urban studies and planning
167,Tufts University,english,23000,0.82,2017,1st,,"$23,000",,,,english
168,Harvard University,romance languages and literatures,33000,1.15,2017,1st,28000 for the academic year + 5000 for the summer,"$33,000",,,,romance languages and literatures
169,Northeastern University,english phd,20680,0.72,2018,4th,,,"$21,000",,$320,english phd
170,Northeastern University,english,21300,0.74,2018,2nd,"health insurance with a $200 deductible; sometimes costlier fees; some opportunities for summer <span class=""truncated""> work; some accepted students negotiated for additional compensation and guaranteed summer funding; tuition is covered</span>",,"$21,500",,$200,english
171,MIT,brain and cognitive sciences,40051,1.43,2018,3rd,,"$40,391",,,$340,brain and cognitive sciences
172,Northeastern University,computer science,33265,1.16,2018,1st,"Health care fees waived,<br>using parent&#39;s health insurance.<br>Would not have been able to afford <span class=""truncated""> upfront apartment rental costs without financial help from parents.</span>","$33,547",,,$282,computer science
173,Northeastern University,electrical and computer engineering,33007,1.15,2018,2nd,after taxes and covering health insurance,"$33,207",,,$200,electrical and computer engineering
174,MIT,media arts and sciences,38484,1.38,2018,3rd,"12 month total if working all year as an RA.<br>paid per semester.<br>good health insurance included,<br><span class=""truncated""> although not for dependents or partners.<br></span>","$38,484",,,,media arts and sciences
175,Northeastern University,sociology,25500,0.89,2018,2nd,,,"$22,500","$3,500",$500,sociology
176,Boston University,english,25000,0.87,2018,4th,,"$25,000",,,,english
177,MIT,oceanography,38144,1.37,2018,1st,,"$38,144",,,,oceanography
178,Boston University,anthropology,25500,0.89,2018,1st,,,"$22,500","$3,000",,anthropology
179,Northeastern University,sociology,24050,0.84,2018,1st,,"$24,500",,,$450,sociology
180,MIT,urban studies and planning,24500,0.88,2018,2nd,,,"$28,000",,"$3,500",urban studies and planning
181,MIT,brain and cognitive science,38242,1.37,2018,1st,stipend covers full 12 months.<br>tuition and self health insurance covered.,"$38,242",,,,brain and cognitive science
182,Boston University,earth and environment,33000,1.15,2018,2nd,In Boston this salary means you are living with roommates.<br>,"$33,000",,,,earth and environment
183,MIT,chemistry,39056,1.4,2018,3rd,,"$39,396",,,$340,chemistry
184,Harvard University,biological and biomedical studies,39000,1.36,2018,1st,,"$39,500",,,$500,biological and biomedical studies
185,Harvard University,biological and biomedical studies,39000,1.36,2018,1st,,"$39,500",,,$500,biological and biomedical studies
186,Harvard University,linguistics,33000,1.15,2018,,,"$33,000",,,,linguistics
187,Boston University,bioinformatics,33000,1.15,2018,5th,,"$33,000",,,,bioinformatics
188,MIT,biology,39070,1.4,2018,3rd,,"$39,410",,,$340,biology
189,Tufts University,psychology,24000,0.86,2018,5th,,,"$24,000",,,psychology
190,MIT,health sciences and technology,42000,1.5,2018,1st,,"$42,000",,,,health sciences and technology
191,Harvard University,neurobiology,39528,1.38,2018,6th and up,"no teaching requirement,<br>paid tuition","$39,528",,,,neurobiology
192,MIT,computer science,60000,2.15,2018,3rd,,"$100,000",,,"$40,000",computer science
193,Boston University,religion,22650,0.79,2018,2nd,,,"$22,650",,,religion
194,Harvard University,astrophysics,37932,1.32,2018,4th,,"$37,932",,,,astrophysics
195,MIT,"earth, atmospheric and planetary sciences",39000,1.4,2018,1st,Insurance is covered,"$39,000",,,,"earth, atmospheric and planetary sciences"
196,Harvard University,science and art,42000,1.47,2018,1st,,"$42,000",,,,science and art
197,Northeastern University,econ,22100,0.77,2018,2nd,,,"$22,500",,$400,econ
198,Boston University,psychology,33000,1.15,2018,3rd,"Healthcare would be 2k,<br>but I’m on my parents’ right now.<br>","$33,000",,,,psychology
199,Harvard University,finance,95000,3.32,2018,2nd,,"$100,000",,,"$5,000",finance
200,MIT,idss/social and engineering systems,42700,1.53,2018,3rd,,"$43,000",,,$300,idss/social and engineering systems
201,Harvard University,bioinformatics and integrative genomics,37253,1.3,2018,6th and up,"This was the stipend for a PhD student in BIG at Harvard.<br>Monthly paycheck was $3198.<br>Taxes were <span class=""truncated""> not withheld,<br>which means that the student must manually calculate the taxes owed to the state and to the federal government.<br>The student must make quarterly payments to the IRS to avoid a penalty at the end of the year.<br>Harvard does not provide official guidance on calculating the right number.

At the time,<br>Harvard offered subsidized housing options for $1,200 per month or so,<br>leaving $2,000 for other expenses.

Year Gross Raise
6 $37,353 1.016
5 $36,765 1.028
4 $35,741 1.030
3 $34,695 1.030
2 $33,684 0.999
1 $33,698 NA</span>","$37,353",,,$100,bioinformatics and integrative genomics
202,Harvard University,biological sciences in public health,39840,1.39,2018,3rd,,"$39,840",,,,biological sciences in public health
203,Northeastern University,khoury college of computer sciences,33176,1.16,2018,1st,"Fees include HealthandCounseling fee $225,<br>Recreation fee $60,<br>Student center fee $70,<br>Graduate <span class=""truncated""> student activity fee $16</span>","$33,547",,,$371,khoury college of computer sciences
204,Boston University,earth and environment,33100,1.16,2018,3rd,,"$33,100",,,,earth and environment
205,Northeastern University,pharmacology,32500,1.13,2018,1st,,"$33,000",,,$500,pharmacology
206,Harvard University,regional studies - east asia,34560,1.21,2018,,,"$34,560",,,,regional studies - east asia
207,Harvard University,bbs,38400,1.34,2018,1st,,"$38,400",,,,bbs
208,Boston University,anthropology,21000,0.73,2018,1st,,"$21,000",,,,anthropology
209,MIT,media lab,40728,1.46,2018,1st,,"$40,728",,,,media lab
210,Boston University,physics,33000,1.15,2018,6th and up,,"$33,000",,,,physics
211,Harvard University,mcb,39528,1.38,2018,,,"$39,528",,,,mcb
212,Tufts University,biology,32769,1.17,2018,5th,We are now unionized!,"$32,800",,,$31,biology
213,Northeastern University,computer science,33040,1.15,2018,1st,,"$33,547",,,$507,computer science
214,Northeastern University,sociology,22200,0.78,2018,5th,,,"$22,500",,$300,sociology
215,Boston University,electrical and computer engineering,34650,1.21,2018,3rd,"Additional 3,000 relocation award when you join the program.","$34,650",,,,electrical and computer engineering
216,Harvard University,physics,30690,1.07,2018,1st,,,"$30,690",,,physics
217,UMass Boston,developmental and brain sciences,24220,0.85,2018,,,,"$24,720",,$500,developmental and brain sciences
218,MIT,electrical engineering and computer science,41910,1.5,2018,1st,,"$42,066",,,$156,electrical engineering and computer science
219,Boston University,physics,33990,1.19,2018,1st,,"$33,990",,,,physics
220,Boston University,philosophy,22500,0.79,2018,1st,,,"$22,500",,,philosophy
221,Harvard University,neuroscience,38378,1.34,2018,1st,,"$38,378",,,,neuroscience
222,Harvard University,biophysics,38376,1.34,2018,1st,,"$38,376",,,,biophysics
223,MIT,physics,38844,1.39,2018,3rd,"$3263/month stipend + health insurance.<br>Every student in department receives Sci.<br>and Eng.<br>TA <span class=""truncated""> (contact)<br>rate annually regardless of funding source (RA/TA/Fellow).</span>","$39,156",,,$312,physics
224,Harvard University,psychology,35676,1.25,2018,1st,"Full tuition,<br>health,<br>and stipend provided for five years.<br>Teaching required for years 3 and 4.","$35,676",,,,psychology
225,Boston University,electrical engineering,35904,1.25,2018,4th,,"$35,904",,,,electrical engineering
226,Northeastern University,history,29100,1.02,2018,4th,"standard student healthcare,<br>dental &#34;discount&#34; instead of insurance.<br>Payrate set by the college <span class=""truncated""> (CSSH).<br>Department provides internal funding as it can for research and conference travel.

Summer funding is NOT guaranteed.<br>Only those who&#39;ve passed their comps are eligible to teach and it depends on if you will be available and able to do it.<br>Usually 3rd years on up are the ones doing it.<br>There&#39;s rumblings eventually the college will make summer funding guaranteed but they are extremely slow so don&#39;t count on it.<br>It&#39;s $6k per summer semester and there&#39;s two summer semesters.<br>I haven&#39;t heard of anyone teaching both summer semesters (usually you&#39;re off doing research.)<br>So summer is starving time generally if you haven&#39;t lined up work or doing research by this point.

It&#39;s a great department,<br>hampered by terrible high university administration who should be all fired.<br></span>",,"$23,500","$6,000",$400,history
227,Boston University,division of materials science and engineering,34528,1.21,2018,4th,,"$34,931",,,$403,division of materials science and engineering
228,Boston University,division of materials science and engineering,34528,1.21,2018,4th,Health insurance is provided.,"$34,931",,,$403,division of materials science and engineering
229,Boston University,materials science engineering,34000,1.19,2018,1st,,"$34,000",,,,materials science engineering
230,Harvard University,biological and biomedical sciences,39528,1.38,2018,2nd,,"$39,528",,,,biological and biomedical sciences
231,Harvard University,biological,39528,1.38,2018,,,"$39,528",,,,biological
232,Harvard University,organizational behavior,40000,1.4,2018,4th,,"$40,000",,,,organizational behavior
233,Harvard University,population health sciences,34632,1.21,2018,1st,"Guaranteed stipend,<br>paid monthly.<br>Full scholarship to cover tuition and health insurance also.","$34,632",,,,population health sciences
234,Northeastern University,physics,39150,1.37,2018,1st,,"$39,150",,,,physics
235,Boston University,school of theology,31000,1.08,2018,6th and up,,"$35,000",,,"$4,000",school of theology
236,Northeastern University,electrical and computer engineering,34200,1.19,2019,1st,,"$34,200",,,,electrical and computer engineering
237,MIT,biology,37800,1.35,2019,6th and up,,"$38,000",,,$200,biology
238,MIT,computational biology,39680,1.42,2019,2nd,Tuition covered.,"$39,975",,,$295,computational biology
239,Harvard University,population health sciences,35651,1.24,2019,4th,,"$35,676",,,$25,population health sciences
240,Harvard University,biological sciences in public health,39851,1.39,2019,2nd,,"$39,876",,,$25,biological sciences in public health
241,MIT,,40000,1.43,2019,1st,,"$40,000",,,,
242,Boston University,graduate program for neuroscience,35000,1.22,2019,3rd,This is without tax taken out.<br>,"$35,000",,,,graduate program for neuroscience
243,Tufts University,economics,26500,0.95,2019,2nd,,,"$23,500","$3,000",,economics
244,MIT,political science,27840,1,2019,2nd,,,"$28,000",,$160,political science
245,Boston University,neuroscience,34000,1.19,2019,1st,,"$34,000",,,,neuroscience
246,Boston University,counseling psychology and applied human development,23340,0.81,2019,1st,,,"$23,340",,,counseling psychology and applied human development
247,Harvard University,biological sciences in public health,39500,1.38,2019,1st,,"$39,500",,,,biological sciences in public health
248,Tufts University,civil and environmental engineering,37400,1.34,2019,1st,health insurance included,"$37,400",,,,civil and environmental engineering
249,MIT,eecs,41000,1.47,2019,1st,,"$41,000",,,,eecs
250,Harvard University,biological and biomedical sciences,39528,1.38,2019,1st,,"$39,528",,,,biological and biomedical sciences
251,Boston University,"psychology (brain, behavior, and cognition)",35010,1.22,2019,1st,,"$35,010",,,,"psychology (brain, behavior, and cognition)"
252,Harvard University,speech and hearing bioscience and technology (shbt),39528,1.38,2019,1st,"All health insurance,<br>health fees,<br>gym / recreation are free / covered.<br>Other amenities too.<br>One <span class=""truncated""> time $1000 for relocation if from out of area.</span>","$39,528",,,,speech and hearing bioscience and technology (shbt)
253,Boston University,romance studies,23000,0.8,2019,1st,,,"$23,000",,,romance studies
254,Harvard University,linguistics,33730,1.18,2019,1st,,,"$29,730","$4,000",,linguistics
255,MIT,linguistics,35000,1.25,2019,1st,,"$35,000",,,,linguistics
256,Harvard University,sociology,35676,1.25,2019,1st,"&#34;Graduate Prize Fellowship&#34;
29730 for academic year + 5946 for summer for years 1,2,3,4,6
Only <span class=""truncated""> years 3 and 4 are TAship.<br>Others are fellowship.
No stipend for year 5,<br>but tuition is covered.
+2500 professional development grant.
</span>","$35,676",,,,sociology
257,Northeastern University,english,21250,0.74,2019,4th,,"$21,500",,,$250,english
258,Northeastern University,sociology,33750,1.18,2019,1st,"Original stipend was 22,500.<br>But got their CSSH scholar award,<br>which gives you summer funding for 5 <span class=""truncated""> years as well.<br> Adds 11,250 to the base stipend.</span>","$33,750",,,,sociology
259,Harvard University,romance languages and literatures,35676,1.25,2019,1st,,,"$29,730","$5,946",,romance languages and literatures
260,Boston University,,23340,0.81,2019,5th,,"$23,340",,,,
261,MIT,economics,40000,1.43,2019,1st,,,"$40,000",,,economics
262,Boston University,graduate program for neuroscience,35000,1.22,2019,1st,,"$35,000",,,,graduate program for neuroscience
263,MIT,economics,40000,1.43,2019,1st,,,"$40,000",,,economics
264,MIT,economics,40000,1.43,2019,1st,,,"$40,000",,,economics
265,Harvard University,economics,46000,1.61,2019,1st,,,"$46,000",,,economics
266,Harvard University,psychology,35676,1.25,2019,1st,,"$35,676",,,,psychology
267,Harvard University,linguistics,35676,1.25,2019,1st,"I had posted an earlier result about the total 1st yr stipend being 33,730 USD for 2019-2020.<br>That <span class=""truncated""> was the approximate amount told to me during my informal acceptance.<br>But the actual stipend offer I received in my official acceptance letter is 35676 USD.</span>","$35,676",,,,linguistics
268,Harvard University,education,39676,1.39,2019,1st,"$29,730 base academic year stipend + $5,946 summer award + $4000 presidential scholarship.<br>No <span class=""truncated""> TA-ing responsibilities until 3rd year.<br></span>","$39,676",,,,education
269,Harvard University,economics,38000,1.33,2019,1st,,"$38,000",,,,economics
270,MIT,eecs,41700,1.49,2019,1st,Medical insurance and tuition are paid for by the department and do not come out of stipend.,"$42,000",,,$300,eecs
271,Harvard University,government,36000,1.26,2019,2nd,,"$36,000",,,,government
272,Harvard University,school of engineering and applied sciences,37882,1.32,2019,1st,,"$37,932",,,$50,school of engineering and applied sciences
273,MIT,mechanical engineering,39396,1.41,2019,1st,,"$39,396",,,,mechanical engineering
274,Harvard University,school of engineering and applied sciences,37932,1.32,2019,1st,,"$37,932",,,,school of engineering and applied sciences
275,MIT,management,43000,1.54,2019,1st,,"$43,000",,,,management
276,Harvard University,neuroscience,39528,1.38,2019,5th,,"$39,528",,,,neuroscience
277,UMass Boston,chemistry,18200,0.64,2019,2nd,"Summer work is not guaranteed,<br>but if you do get a summer session,<br>it is $3500.<br>If you get both <span class=""truncated""> summer sessions,<br>it is $7000.
Insurance costs $3000,<br>and UMB reimburses about half.<br>Dental is about $700 I think and they reimburse half.<br>T passes are 11% discount or parking is ~$155/month.<br>A lot of us in Chemistry have second jobs.</span>",,"$19,000",,$800,chemistry
278,MIT,computer science,40885,1.46,2019,2nd,,"$41,000",,,$115,computer science
279,MIT,aeroastro,35988,1.29,2019,2nd,,"$35,988",,,,aeroastro
280,MIT,physics,39991,1.43,2019,2nd,,"$40,331",,,$340,physics
281,Boston University,anthropology/archaeology,23340,0.81,2019,2nd,"I think it&#39;s actually 8 rather than 9 months? I&#39;d have to check but I don&#39;t think I get paid after <span class=""truncated""> April.</span>",,"$23,340",,,anthropology/archaeology
282,MIT,electrical engineering and computer science,43150,1.55,2019,4th,,"$43,320",,,$170,electrical engineering and computer science
283,Harvard University,systems biology,39800,1.39,2019,2nd,,"$39,900",,,$100,systems biology
284,Boston University,earth and environment,33250,1.16,2019,3rd,,"$33,250",,,,earth and environment
285,MIT,physics,53000,1.9,2019,2nd,,"$55,000",,,"$2,000",physics
286,Harvard University,east asian languages and civilizations,35676,1.25,2019,1st,,,"$29,730","$5,946",,east asian languages and civilizations
287,MIT,physics,40331,1.44,2019,4th,"All students in the department receive the same salary ($3361/month)<br>and the Student Extended <span class=""truncated""> Insurance Plan,<br>regardless of whether they are on RA,<br>TA,<br>internal,<br>or external fellowship (regardless of the fellowship amount).<br>Some external fellowships (e.g.<br>NSF,<br>NDSEG)<br>cover the $340 student life fee,<br>but all other graduate students are required to pay it.<br>The only pay boosts offered are the rare 10% TA position or grading midterms/finals for large classes for at $20/hour.<br>Salary increases for the following year typically begin in June.<br></span>","$40,331",,,,physics
288,MIT,mechanical engineering,39346,1.41,2019,4th,,"$39,516",,,$170,mechanical engineering
289,Harvard University,organismic and evolutionary biology,39200,1.37,2019,1st,Pre-tax,"$39,200",,,,organismic and evolutionary biology
290,MIT,department of urban studies and planning,27889,1,2019,1st,"Insurance plan costs $3,269 for an individual unless student can demonstrate comparable coverage.<br>",,"$28,269",,$380,department of urban studies and planning
291,MIT,sloan school of management,43220,1.55,2019,1st,"All insurance costs covered.<br>Guaranteed 5 years of funding.<br>Laptops provided in first and fourth <span class=""truncated""> year.<br>$4,500 conference travel budget over five years.<br></span>","$43,560",,,$340,sloan school of management
292,Northeastern University,bioengineering,32800,1.15,2019,1st,,"$33,000",,,$200,bioengineering
293,MIT,political science,35000,1.25,2019,1st,,,"$29,000","$6,000",,political science
294,UMass Boston,chemistry,23298,0.81,2020,4th,"Most of us have to pay for transportation.<br> Only an 11% discount on MBTA is offered for grad <span class=""truncated""> students.<br>$550 for semester parking near our building.</span>",,"$18,000","$7,000","$1,702",chemistry
295,MIT,brain and cognitive sciences,42500,1.52,2020,6th and up,,"$42,800",,,$300,brain and cognitive sciences
296,Boston University,biomedical engineering,36782,1.28,2020,1st,Health insurance provided,"$36,782",,,,biomedical engineering
297,Boston University,molecular and translational medicine,36000,1.26,2020,4th,,"$36,000",,,,molecular and translational medicine
298,Boston University,physics phd,36781,1.28,2020,1st,,"$36,781",,,,physics phd
299,Tufts University,genetics,34000,1.22,2020,1st,,"$34,000",,,,genetics
300,Harvard University,physics,38950,1.36,2020,1st,,"$39,000",,,$50,physics
301,Boston University,materials science and engineering,36000,1.26,2020,1st,,"$36,000",,,,materials science and engineering
302,Northeastern University,political science,34250,1.2,2020,1st,,"$34,500",,,$250,political science
303,Boston University,rehabilitation sciences,36000,1.26,2020,1st,,"$36,000",,,,rehabilitation sciences
304,Boston University,rehabilitation sciences,36000,1.26,2020,5th,,"$36,000",,,,rehabilitation sciences
305,Boston University,economics,31340,1.09,2020,3rd,,"$31,340",,,,economics
306,Harvard University,organismic and evolutionary biology,41000,1.43,2020,,,"$41,000",,,,organismic and evolutionary biology
307,Northeastern University,bioengineering,33700,1.18,2020,1st,,"$34,000",,,$300,bioengineering
308,Boston University,,24521,0.86,2020,1st,,,"$24,521",,,
309,Boston University,biology,35000,1.22,2020,2nd,,"$35,000",,,,biology
310,Boston University,political science,23000,0.8,2020,6th and up,,,"$23,000",,,political science
311,Boston University,,29521,1.03,2020,1st,,,"$24,521","$5,000",,
312,Tufts University,english,30245,1.08,2020,1st,,,"$26,245","$4,000",,english
313,Boston University,linguistics,28000,0.98,2020,1st,,,"$23,000","$5,000",,linguistics
314,Harvard University,biological and biomedical sciences,40000,1.4,2020,4th,,"$40,000",,,,biological and biomedical sciences
315,Harvard University,population health sciences,36672,1.28,2020,1st,,"$36,672",,,,population health sciences
316,Harvard University,health policy,29600,1.03,2020,1st,10 month stipend,,"$26,540","$3,060",,health policy
317,MIT,urban studies and planning,36190,1.3,2020,2nd,MIT DUSP recently expanded PhD students funding to being fully funded for five years.,"$36,190",,,,urban studies and planning
318,MIT,,37000,1.32,2020,,,"$37,000",,,,
319,Northeastern University,computer science,39650,1.38,2020,6th and up,,"$40,000",,,$350,computer science
320,Harvard University,oeb,40607,1.42,2020,3rd,,"$40,632",,,$25,oeb
321,UMass Boston,gerontology,18092,0.63,2020,4th,"Full time posting for 18 hours per week for 9 months,<br>did not input required fees because I don&#39;t <span class=""truncated""> remember what they are</span>",,"$18,092",,,gerontology
322,UMass Boston,management,18092,0.63,2020,6th and up,"This is basic compensation for a full time grad assistant.<br> Fees are high and we are expecting <span class=""truncated""> health insurance to rise</span>",,"$18,092",,,management
323,UMass Boston,management,18092,0.63,2020,6th and up,"This is basic compensation for a full time grad assistant.<br> Fees are high and we are expecting <span class=""truncated""> health insurance to rise</span>","$18,092",,,,management
324,Boston University,"speech, language and hearing sciences",35880,1.25,2020,2nd,,"$35,880",,,,"speech, language and hearing sciences"
325,MIT,aeroastro,41856,1.5,2020,4th,,"$41,856",,,,aeroastro
326,Harvard University,systems biology,42000,1.47,2020,1st,,"$42,000",,,,systems biology
327,MIT,chemical engineering,58000,2.08,2020,2nd,,"$58,000",,,,chemical engineering
328,MIT,biological engineering,44700,1.6,2020,5th,,"$45,000",,,$300,biological engineering
329,Tufts University,psychology,28000,1,2020,4th,"Summer/other are on your own to get.<br>It’s an internal grant you apply for,<br>and can get rejected.<br>",,"$23,000","$5,000",,psychology
330,Harvard University,dms,41879,1.46,2020,,,"$42,541",,,$662,dms
331,Harvard University,education,36000,1.26,2020,2nd,,"$36,000",,,,education
332,MIT,economics,35181,1.26,2020,2nd,,,"$35,521",,$340,economics
333,Northeastern University,psychology,37940,1.32,2020,5th,Amount of additional fees vary depending on national vs.<br>international student.<br>,"$38,390",,,$450,psychology
334,Boston University,graduate medical sciences,36000,1.26,2020,3rd,,"$36,000",,,,graduate medical sciences
335,UMass Boston,sociology,16900,0.59,2020,1st,,,"$18,000",,"$1,100",sociology
336,Boston University,biology,36782,1.28,2020,1st,,"$36,782",,,,biology
337,Boston University,psychological and brain sciences (bbc),37000,1.29,2020,2nd,,"$37,000",,,,psychological and brain sciences (bbc)
338,UMass Boston,school for the environment,26750,0.93,2020,4th,,"$27,000",,,$250,school for the environment
339,Northeastern University,computer science,37929,1.32,2020,3rd,,"$38,448",,,$519,computer science
340,Boston University,statistics,37000,1.29,2020,,,,"$37,000",,,statistics
341,Boston University,statistics,37000,1.29,2020,,,,"$37,000",,,statistics
342,Northeastern University,english,35800,1.25,2020,4th,,"$36,000",,,$200,english
343,MIT,economics,34830,1.25,2020,4th,One can RA during the summer to get a stipend for the remaining 3 months.,,"$35,000",,$170,economics
344,Northeastern University,physics,35750,1.25,2020,2nd,,"$36,000",,,$250,physics
345,Boston University,graduate program for neuroscience,34000,1.19,2020,,,"$34,000",,,,graduate program for neuroscience
346,Harvard University,neurobiology,39876,1.39,2020,1st,,"$41,876",,,"$2,000",neurobiology
347,MIT,biology,40632,1.45,2020,4th,,"$41,000",,,$368,biology
348,MIT,eecs,45650,1.63,2020,,,"$46,000",,,$350,eecs
349,MIT,aeroastro,37732,1.35,2020,3rd,,"$38,232",,,$500,aeroastro
350,Northeastern University,sociology and anthropology,23145,0.81,2020,,,,"$23,500",,$355,sociology and anthropology
351,Tufts University,molecular microbiology,31330,1.12,2020,3rd,,"$31,450",,,$120,molecular microbiology
352,MIT,biological engineering,46165,1.65,2020,4th,,"$46,350",,,$185,biological engineering
353,Boston University,mathematics and statistics,34500,1.2,2020,5th,,"$34,500",,,,mathematics and statistics
354,MIT,cee,40700,1.46,2020,4th,,"$41,000",,,$300,cee
355,UMass Boston,public policy,15800,0.55,2020,1st,"18K for 9 months for 3 years.<br>fees include a percent of health insurance.<br>Overall approximately <span class=""truncated""> $2200 per year so the effective stipend is $16k.<br>Too little to survive in Boston in all honesty.<br>People struggle to find funding after 3rd year.<br>Helpful to have a spouse who earns money to assist.<br>International students will struggle a lot financially if the stipend is the only source of income.<br></span>",,"$18,000",,"$2,200",public policy
356,Tufts University,child studies,24007,0.86,2020,1st,,,"$25,007",,"$1,000",child studies
357,Northeastern University,history,23000,,2020,2nd,,,"$23,000",,,history
358,Harvard University,comparative literature,27900,0.97,2020,2nd,,"$28,000",,,$100,comparative literature
359,Boston University,bioinformatics,35885,1.25,2020,1st,,"$35,885",,,,bioinformatics
360,UMass Boston,psychology,22092,0.77,2020,4th,"^ rough estimate of fees,<br>including health insurance",,"$18,092","$6,000","$2,000",psychology
361,Harvard University,systems biology,40500,1.41,2020,2nd,"Healthcare,<br>gym membership,<br>tuition,<br>$1000 move-in stipend,<br>all included.","$40,500",,,,systems biology
362,Harvard University,engineering,36000,1.26,2020,1st,,"$36,000",,,,engineering
363,Harvard University,engineering,36000,1.26,2020,1st,,"$36,000",,,,engineering
364,Tufts University,molecular microbiology,35250,1.26,2020,2nd,,"$35,500",,,$250,molecular microbiology
365,MIT,chemical engineering,43380,1.55,2020,3rd,,"$43,380",,,,chemical engineering
366,MIT,physics,41156,1.47,2020,2nd,,"$41,496",,,$340,physics
367,Harvard University,applied physics,38916,1.36,2020,1st,,"$38,916",,,,applied physics
368,MIT,mechanical,36984,1.32,2020,1st,,"$36,984",,,,mechanical
369,MIT,physics,41133,1.47,2020,5th,Stipend change not going into effect until September,"$41,501",,,$368,physics
370,Harvard University,astronomy,41916,1.46,2020,1st,,"$41,916",,,,astronomy
371,Northeastern University,computer science,39745,1.39,2020,5th,The pay is after PhD candidacy.<br>It would be 37K before candidacy.,"$40,000",,,$255,computer science
372,Harvard University,harvard business school,43860,1.53,2020,5th,Full health coverage,"$43,860",,,,harvard business school
373,Northeastern University,political science,23500,0.82,2020,2nd,,,"$22,500","$1,500",$500,political science
374,MIT,brain and cognitive science,41368,1.48,2020,2nd,,"$41,628",,,$260,brain and cognitive science
375,Harvard University,organismic and evolutionary biology,40607,1.42,2020,3rd,"Health coverage for dependents is expensive (~$8k/yr for spouse,<br>$4.2k/yr for child).<br>Dental <span class=""truncated""> insurance is extra ($528/yr in 2020); no 401(k)/403(b)<br>or matching for stipend income,<br>though 403(b)<br>exists for teaching income.<br> Difficult or impossible to live in Cambridge on this stipend without roommates or external support.<br>Expected to teach six classes to contribute financially to the department (no change in stipend).<br>Half-price MBTA transit passes,<br>but only during the school year.</span>","$40,632",,,$25,organismic and evolutionary biology
376,Northeastern University,psychology,55000,1.92,2020,1st,,"$55,000",,,,psychology
377,Harvard University,sociology,36600,1.28,2020,1st,,,"$30,500","$6,100",,sociology
378,Northeastern University,,11468,0.4,2020,1st,,"$11,740",,,$272,
379,MIT,linguistics,40536,1.45,2020,4th,pre tax,"$40,536",,,,linguistics
380,Harvard University,physics,39000,1.36,2020,2nd,"$1k travel fund,<br>no health insurance premium","$39,000",,,,physics
381,MIT,biology,40416,1.45,2020,1st,"Usually a $184 fee,<br>but evidently it´s waived because of the pandemic.","$40,416",,,,biology
382,Harvard University,epidemiology,30500,1.06,2020,1st,"After 1st year,<br>it increases to 36,000,<br>dispursed over 12 months.<br> Have to TA 1 class at some point <span class=""truncated""> in the program.<br> </span>",,"$30,500",,,epidemiology
383,Harvard University,"graduate school of education, phd in education",36500,1.27,2020,1st,"First two years of Fellowship with no string attached,<br>Y3 and Y4 tied to TA/RA type work,<br>Y5 of <span class=""truncated""> guaranteed funding is dissertation writing year: no strings attached,<br>but requires dissertation approval.</span>",,"$30,500","$6,000",,"graduate school of education, phd in education"
384,Harvard University,biology,25000,0.87,2020,5th,,,"$37,000",,"$12,000",biology
385,Tufts University,biomedical engineering,35175,1.26,2020,1st,,"$35,175",,,,biomedical engineering
386,Harvard University,comparative literature,36600,1.28,2020,1st,,,"$30,500","$6,100",,comparative literature
387,Harvard University,,34800,1.21,2020,,,"$34,800",,,,
388,Harvard University,population health sciences epidemiology,30500,1.06,2020,1st,have to ta 1 class one time over full program for the stipend,,"$30,500",,,population health sciences epidemiology
389,Tufts University,computer science,30000,1.07,2020,1st,,,"$30,000",,,computer science
390,Boston University,english,29500,1.03,2020,6th and up,"24,500 for term,<br>and 5,000 for summer,<br>guaranteed for 5 years,<br>no service in first or fifth years.<br> <span class=""truncated""> Almost always possible for a 6th,<br>and many get a 7th funded year.<br></span>",,"$24,500","$5,000",,english
391,MIT,sloan,45000,1.61,2020,1st,,"$45,000",,,,sloan
392,MIT,urban studies and planning,33000,1.18,2020,1st,,,"$33,000",,,urban studies and planning
393,Harvard University,biological sciences in public health,40560,1.42,2020,1st,Gross Pay is before Taxes.<br>so After taxes roughly 2918 per month,"$40,560",,,,biological sciences in public health
394,Harvard University,math,26000,0.91,2020,,,"$30,000",,,"$4,000",math
395,Boston University,chemistry,36000,1.26,2020,1st,,"$36,000",,,,chemistry
396,MIT,political science,36500,1.31,2020,1st,"Students are guaranteed a summer RAship for their first summer,<br>but have to arrange their own <span class=""truncated""> RAships/outside funding for subsequent summers.<br>Health insurance is included.</span>",,"$30,000","$6,500",,political science
397,MIT,department of urban studies and planning,40560,1.45,2020,2nd,"In Fall 2020,<br>dept transitioned from 9-month stipend to 12-month stipend with a 5-year funding <span class=""truncated""> guarantee.<br>MIT waived $370 activity fee in 2020-21 only.<br></span>","$40,560",,,,department of urban studies and planning
398,Boston University,mathematics,36782,1.28,2020,1st,,"$36,782",,,,mathematics
399,Boston University,bioinformatics,39474,1.38,2020,4th,,"$39,474",,,,bioinformatics
400,Northeastern University,chemical engineering,34800,1.21,2020,1st,,"$34,800",,,,chemical engineering
401,Northeastern University,computer,39200,1.37,2020,1st,,"$40,000",,,$800,computer
402,Tufts University,biology/phd,33970,1.22,2020,2nd,"have basic healthcare included without extra cost and access to student health center for basic <span class=""truncated""> needs</span>","$34,000",,,$30,biology/phd
403,Harvard University,,37000,1.29,2020,1st,,"$37,000",,,,
404,Harvard University,statistics,36650,1.28,2020,2nd,,"$36,675",,,$25,statistics
405,MIT,management,47000,1.68,2020,,,"$47,000",,,,management
406,Harvard University,,32500,1.13,2020,1st,,,"$32,500",,,
407,Boston University,epidemiology,36000,1.26,2020,,,"$36,000",,,,epidemiology
408,Harvard University,biological and biomedical sciences,40000,1.4,2020,4th,,"$40,000",,,,biological and biomedical sciences
409,Tufts University,neuroscience,52704,1.89,2020,1st,,"$52,704",,,,neuroscience
410,Northeastern University,civil and environmental engineering,35220,1.23,2020,1st,"Student fees are $130 per semester,<br>health fees are $225 per annum.","$35,220",,,,civil and environmental engineering
411,Boston University,chemistry,35000,1.22,2020,,,"$35,000",,,,chemistry
412,UMass Boston,molecular biology,23500,0.82,2020,2nd,,,"$20,000","$6,500","$3,000",molecular biology
413,Harvard University,organizational behavior,43680,1.52,2021,2nd,,"$43,680",,,,organizational behavior
414,Harvard University,health policy,32088,1.12,2021,5th,"We receive a stipend years 1,<br>2 and 5 (or 6,<br>depending on when you defend your PhD).<br>No funding in <span class=""truncated""> years 3 and 4.<br>No teaching or RA top-ups,<br>no summer funding.<br></span>",,"$32,088",,,health policy
415,MIT,economics,39000,1.4,2021,1st,"On GRFP.<br>In years without GRFP,<br>receive 35,000.<br>Includes healthcare.<br>","$39,000",,,,economics
416,Harvard University,virology,40019,1.4,2021,4th,,"$40,044",,,$25,virology
417,Harvard University,government,36850,1.29,2021,1st,"I have additional fellowship awards which provide me with summer funding and a research time <span class=""truncated""> fellowship.<br></span>","$36,850",,,,government
418,Boston University,school of theology,24600,0.86,2021,1st,,,"$24,600",,,school of theology
419,MIT,civil and environmental engineering,42820,1.53,2021,3rd,,"$43,200",,,$380,civil and environmental engineering
420,Boston University,pibs,36782,1.28,2021,1st,,"$36,782",,,,pibs
421,Tufts University,electrical and computer engineering,34800,1.25,2021,1st,"12 month RA position.<br>Tuition,<br>fees,<br> and basic health insurance covered.","$34,800",,,,electrical and computer engineering
422,Boston University,anthropology,29521,1.03,2021,1st,"Funding for 8 months of academic year and an additional 2 months in the Summer.<br>Dean&#39;s fellowship <span class=""truncated""> for first year.</span>","$29,521",,,,anthropology
423,Boston University,philosophy,29521,1.03,2021,1st,,"$29,521",,,,philosophy
424,Boston University,philosophy,29521,1.03,2021,1st,,"$29,521",,,,philosophy
425,Harvard University,business administration,42660,1.49,2021,,,"$42,660",,,,business administration
426,Harvard University,mechanical engineering,25000,0.87,2021,,,"$25,000",,,,mechanical engineering
427,Northeastern University,computer science,39628,1.38,2021,4th,Includes candidacy pay.,"$40,000",,,$372,computer science
428,MIT,nse,43000,1.54,2021,5th,,"$43,000",,,,nse
429,Northeastern University,marine and environmental science,37400,1.31,2021,3rd,I don&#39;t pay the fees and nothing has ever happened whoops,"$37,900",,,$500,marine and environmental science
430,MIT,electrical engineering and computer science,47044,1.68,2021,5th,,"$47,412",,,$368,electrical engineering and computer science
431,MIT,hasts,43116,1.54,2021,,,"$43,116",,,,hasts
432,Boston University,business administration,36782,1.28,2021,1st,,"$36,782",,,,business administration
433,Northeastern University,psychology,39150,1.37,2021,1st,,"$39,150",,,,psychology
434,Boston University,systems engineering,36782,1.28,2021,1st,,"$36,782",,,,systems engineering
435,Tufts University,child study and human development,23000,0.82,2021,4th,,,"$23,000",,,child study and human development
436,MIT,brain and cognitive sciences,43913,1.57,2021,5th,,"$44,093",,,$180,brain and cognitive sciences
437,Boston University,pharmacology,36000,1.26,2021,,,"$36,000",,,,pharmacology
438,UMass Boston,sociology,23250,0.81,2021,1st,,,"$18,000","$9,000","$3,750",sociology
439,MIT,chemical engineering,44632,1.6,2021,1st,"Fellowship for first 9 months.<br>Extended insurance paid.<br>Laptop provided.<br>Required student activity <span class=""truncated""> fee ($368)<br>and optional dental insurance ($544.56).</span>","$45,000",,,$368,chemical engineering
440,Northeastern University,marine and environmental sciences,35906,1.25,2021,3rd,"I don’t pay any university fees,<br>but I pay $1,800/month in rent for a one-bedroom apartment in <span class=""truncated""> Boston,<br>and about another $80 for utilities.</span>","$35,906",,,,marine and environmental sciences
441,Boston University,religion,29500,1.03,2021,1st,"10 month stipend.<br>Health care covered.<br>
Service from 2nd year onwards.<br>",,"$23,600","$5,900",,religion
442,Tufts University,genetics,36000,1.29,2021,2nd,,"$36,000",,,,genetics
443,MIT,computational and systems biology,41488,1.49,2021,2nd,,"$41,856",,,$368,computational and systems biology
444,MIT,urban studies and planning,40700,1.46,2021,1st,,"$41,000",,,$300,urban studies and planning
445,Northeastern University,khoury college of computer sciences,40600,1.42,2021,4th,,"$43,000",,,"$2,400",khoury college of computer sciences
446,Tufts University,gsbs (boston campus),37380,1.34,2021,5th,,"$37,500",,,$120,gsbs (boston campus)
447,MIT,aero/astro,41856,1.5,2021,4th,,"$41,856",,,,aero/astro
448,MIT,linguistics,41760,1.5,2021,5th,"pre-tax,<br>12-months","$41,760",,,,linguistics
449,Northeastern University,political science,34250,1.2,2021,2nd,,"$34,500",,,$250,political science
450,MIT,management/phd,48324,1.73,2021,2nd,Fees exclude Tax,"$48,324",,,,management/phd
451,MIT,management/phd,48324,1.73,2021,1st,"Gross pay excludes TA/RA.<br>Fellowship only.
Fees exclude Tax.","$48,324",,,,management/phd
452,MIT,biology,42927,1.54,2021,2nd,Based on a 3592.64 monthly stipend as of Spring 2022 appointment.<br>Entry Fall 2020.<br>,"$43,111",,,$184,biology
453,Northeastern University,computer science,42750,1.49,2021,4th,,"$43,000",,,$250,computer science
454,MIT,economics,35816,1.28,2021,1st,,,"$36,000",,$184,economics
455,Boston University,biomedical engineering,36782,1.28,2021,1st,,"$36,782",,,,biomedical engineering
456,MIT,brain and cognitive sciences,43600,1.56,2021,6th and up,,"$44,000",,,$400,brain and cognitive sciences
457,MIT,linguistics,43111,1.54,2021,5th,"The department has been able to provide 6th-year fundings since the beginning of COVID (i.e.<br>for 3 <span class=""truncated""> cohorts so far),<br>though it&#39;s unclear how much longer this will last.</span>","$43,111",,,,linguistics
458,Boston University,graduate program for neuroscience,36782,1.28,2021,4th,Student fees are incorporated into students’ tuition scholarship,"$36,782",,,,graduate program for neuroscience
459,MIT,media lab,38872,1.39,2021,1st,,"$39,000",,,$128,media lab
460,MIT,economics,42000,1.5,2021,1st,,,"$37,000","$5,000",,economics
461,MIT,chemical engineering,45000,1.61,2021,3rd,,"$45,000",,,,chemical engineering
462,MIT,math,43200,1.55,2021,3rd,,"$43,200",,,,math
463,Northeastern University,psychology,41535,1.45,2022,1st,Base gross annual salary.<br>Teaching as Instructor of Record after Master&#39;s pays more,"$41,535",,,,psychology
464,Northeastern University,public policy,40000,1.4,2022,1st,,"$40,000",,,,public policy
465,Boston University,school of theology,25502,0.89,2022,1st,,,"$25,502",,,school of theology
466,MIT,physics,56000,2.01,2022,2nd,,"$105,000",,,"$49,000",physics
467,Tufts University,physics,36000,1.29,2022,2nd,,"$36,000",,,,physics
468,Northeastern University,mechanical and industrial engineering,40830,1.43,2022,1st,,"$41,330",,,$500,mechanical and industrial engineering
469,Harvard University,school of engineering and applied sciences,42800,1.49,2022,,,"$42,800",,,,school of engineering and applied sciences
470,Northeastern University,industrial engineering,42025,1.47,2022,3rd,,"$42,300",,,$275,industrial engineering
471,MIT,biology,45100,,2022,,,"$45,500",,,$400,biology
472,Boston University,materials science and engineering,40165,1.4,2022,3rd,"Role: Doctoral Research Fellow

Before Qualifying Exam: $38,253
After Qualifying Exam,<br>before <span class=""truncated""> Prospectus: $40,165
After Prospectus: $42,078

Basic Student Health Insurance is covered (through Aetna,<br>but everything requires a referral from student health services at BU),<br>you can upgrade to their plus plan for a little over $1000 a year.<br></span>","$40,165",,,,materials science and engineering
473,Northeastern University,,43320,1.51,2022,,,"$43,320",,,,
474,Northeastern University,interdisciplinary design and media,34600,1.21,2022,1st,,"$35,000",,,$400,interdisciplinary design and media
475,Boston University,linguistics,28000,0.98,2022,4th,,,"$25,500","$2,500",,linguistics
476,MIT,mit media lab,47436,1.7,2022,3rd,Income goes up from $39k to $47k after you enter the PhD.<br>All students have guaranteed RA funding.,"$47,436",,,,mit media lab
477,Boston University,material science and engineering,26520,0.93,2022,1st,,"$26,520",,,,material science and engineering
478,Tufts University,education,34000,1.22,2022,1st,,"$34,000",,,,education
479,Boston University,political science,25885,0.9,2022,,,"$25,885",,,,political science
480,MIT,chemical engineering,51300,1.84,2022,4th,"Students not on NSF GRFP fellowship have to pay a &#34;student life fee&#34; of $198 per fall and spring <span class=""truncated""> semester</span>","$51,300",,,,chemical engineering
481,Boston University,"brain, behavior, and cognition",40000,1.4,2022,1st,Have to TA (once per year I think?)<br>unless lab buys it out or you get a special award.<br>,"$40,000",,,,"brain, behavior, and cognition"
482,Harvard University,biomedical informatics,45696,1.6,2022,,,"$45,696",,,,biomedical informatics
483,Northeastern University,computer science,41500,1.45,2022,1st,,"$42,000",,,$500,computer science
484,Harvard University,immunology,22500,0.79,2022,3rd,,"$22,500",,,,immunology
485,Boston University,astronomy,38193,1.33,2022,2nd,,"$38,193",,,,astronomy
486,MIT,physics,46900,1.68,2022,1st,,"$46,900",,,,physics
487,Boston University,"speech, language, and hearing sciences",42078,1.47,2022,3rd,"Includes 10% raise over base stipend of $38,258 for securing external funding of at least $20,000","$42,078",,,,"speech, language, and hearing sciences"
488,Northeastern University,phd in computer science,41628,1.45,2022,1st,,"$42,128",,,$500,phd in computer science
489,Tufts University,physics,34000,1.22,2022,1st,,"$34,000",,,,physics
490,MIT,health sciences and technology,47600,1.7,2022,3rd,Approximate!,"$48,000",,,$400,health sciences and technology
491,Harvard University,physics,43850,1.53,2022,1st,,,"$36,550","$7,300",,physics
492,Tufts University,electrical and computer engineering (phd),36180,1.3,2022,2nd,12-month RA; includes health insurance,"$36,180",,,,electrical and computer engineering (phd)
493,Tufts University,electrical and computer engineering,44400,1.59,2022,1st,,"$44,400",,,,electrical and computer engineering
494,UMass Boston,psychology,23000,0.8,2022,,,"$24,000",,,"$1,000",psychology
495,Harvard University,kennedy school,20000,0.7,2022,1st,,"$20,000",,,,kennedy school
496,Northeastern University,mathematics,26875,0.94,2022,1st,GTA for 5 years,"$26,875",,,,mathematics
497,MIT,aeroastro,41856,1.5,2022,3rd,,"$41,856",,,,aeroastro
498,MIT,finance (sloan),50000,1.79,2022,1st,,"$50,000",,,,finance (sloan)
499,Boston University,philosophy,31000,1.08,2022,2nd,4% raise from last year.<br>Includes healthcare and tuition.<br>,,"$26,000","$5,000",,philosophy
500,MIT,biology,45506,1.63,2022,1st,,"$45,506",,,,biology
501,Boston University,school of music,25000,0.87,2022,2nd,,,"$25,000",,,school of music
502,MIT,chemistry,45000,1.61,2022,4th,,"$45,000",,,,chemistry
503,Northeastern University,college of engineering,35300,1.23,2022,1st,Additional one-time $350 international student fee,"$36,000",,,$700,college of engineering
504,Northeastern University,computer science,40495,1.41,2022,1st,$5k conference travel grant not included.<br>Student health insurance fully covered,"$41,120",,,$625,computer science
505,Northeastern University,population health,33000,1.15,2022,1st,,"$33,000",,,,population health
506,Northeastern University,population health,33000,1.15,2022,1st,,"$33,000",,,,population health
507,MIT,,41670,1.49,2022,6th and up,,"$41,856",,,$186,
508,Boston University,statistics,37702,1.32,2022,1st,,"$37,702",,,,statistics
509,Northeastern University,sociology,39000,1.36,2022,,,"$39,000",,,,sociology
510,Harvard University,history of science,38508,1.34,2022,1st,"5-year package,<br>including 2- year teaching fellowship.<br>Tuition and health fees paid in full,<br>valued <span class=""truncated""> at $57,840.</span>",,"$32,090","$6,418",,history of science
511,Harvard University,history of science,38508,1.34,2022,1st,,,"$32,090","$6,418",,history of science
512,Northeastern University,psychology,40323,1.41,2022,1st,,"$40,323",,,,psychology
513,Tufts University,computer science,31500,1.13,2022,1st,"TA,<br>full tuition,<br>healthcare,<br>can TA/RA in summer for extra",,"$31,500",,,computer science
514,Harvard University,bioengineering,42800,1.49,2022,1st,Graduate prize fellowship,"$42,800",,,,bioengineering
515,Boston University,computer science,37500,1.31,2022,4th,Dental insurance is not included,"$37,500",,,,computer science
516,MIT,mechanical engineering,11000,0.39,2022,6th and up,,"$53,000",,,"$42,000",mechanical engineering
517,Harvard University,virology,44376,1.55,2022,1st,,"$44,376",,,,virology
518,Tufts University,computer science,31500,1.13,2022,1st,,,"$31,500",,,computer science
519,Boston University,hrs,36832,1.29,2022,,,"$36,832",,,,hrs
520,Tufts University,computer science,42000,1.5,2022,3rd,,"$42,000",,,,computer science
521,Tufts University,history,30000,1.07,2022,1st,,,"$25,000","$12,000","$7,000",history
522,Northeastern University,counseling psychology,33000,1.15,2022,1st,tuition waiver and health insurance included,"$33,000",,,,counseling psychology
523,Harvard University,eps,41975,1.47,2022,3rd,,"$42,000",,,$25,eps
524,Boston University,electrical,37000,1.29,2022,1st,,"$37,000",,,,electrical
525,Northeastern University,mechanical engineering,39000,1.36,2022,1st,,"$40,000",,,"$1,000",mechanical engineering
526,Harvard University,statistics,33850,1.18,2022,1st,,"$33,850",,,,statistics
527,Tufts University,graduate school of biomedical sciences,39380,1.41,2022,6th and up,,"$39,500",,,$120,graduate school of biomedical sciences
528,Harvard University,environmental health,32090,1.12,2022,1st,,,"$32,090",,,environmental health
529,MIT,bioengineering,49500,1.77,2022,5th,,"$49,800",,,$300,bioengineering
530,Boston University,health services research,38203,1.33,2022,1st,,"$38,203",,,,health services research
531,Harvard University,education,38500,1.34,2022,5th,,"$38,500",,,,education
532,Boston University,philosophy (phd),30132,1.05,2022,1st,"Covers full tuition,<br>fees,<br>and medical insurance ",,"$25,132","$5,000",,philosophy (phd)
533,Northeastern University,mechanical and industrial engineering,40240,1.4,2022,4th,,"$40,240",,,,mechanical and industrial engineering
534,Northeastern University,computer engineering,40144,1.4,2022,1st,health insurance is covered separately,"$40,144",,,,computer engineering
535,MIT,mechanical engineering,45480,1.63,2022,1st,,"$45,480",,,,mechanical engineering
536,Harvard University,earth and planetary sciences,43860,1.53,2023,,,"$43,860",,,,earth and planetary sciences
537,MIT,orc,35000,1.25,2023,1st,,,"$35,000",,,orc
538,Boston University,history,32318,1.13,2023,2nd,,,"$27,318","$5,000",,history
539,Northeastern University,electrical and computer engineering,42255,1.48,2023,1st,"Tuition scholarship up to $25,000 per term,<br>and funding to cover the cost of Northeastern&#39;s Student <span class=""truncated""> Health Insurance Plan (NUSHP)<br>- $2500 </span>","$42,255",,,,electrical and computer engineering
540,Harvard University,neuroscience,49596,1.73,2023,1st,"Base pay: $45,696
Fellowship bonus: $3900
Free health insurance
No teaching requirement","$49,596",,,,neuroscience
541,Tufts University,electrical and computer engineering,44000,1.58,2023,1st,,"$44,000",,,,electrical and computer engineering
542,Tufts University,electrical and computer engineering (phd),37620,1.35,2023,3rd,12-month RA; includes health insurance,"$37,620",,,,electrical and computer engineering (phd)
543,Boston University,electrical and computer engineering,40500,1.41,2023,1st,"Fellowship for first year.<br>If passed the PhD qualifying exam then fellowship will raise by 10% to <span class=""truncated""> $45,000 from 2nd year.</span>","$40,500",,,,electrical and computer engineering
544,Northeastern University,interdisciplinary design and media,39600,1.38,2023,2nd,,"$40,000",,,$400,interdisciplinary design and media
545,Tufts University,nutrition,31000,1.11,2023,3rd,,"$31,000",,,,nutrition
546,Harvard University,gsas,42815,1.49,2023,1st,,"$42,840",,,$25,gsas
547,MIT,political science,42694,1.53,2023,4th,,"$43,294",,,$600,political science
548,Northeastern University,political science,39500,1.38,2023,1st,"$25,000 tuition scholarship and the $40,000 includes 5 years of guaranteed summer work.<br>","$40,000",,,$500,political science
549,Harvard University,east asian languages and civilizations,42840,1.5,2023,1st,,,"$35,700","$7,140",,east asian languages and civilizations
550,Northeastern University,computer science,50000,1.75,2023,1st,,"$50,000",,,,computer science
551,Boston University,religion,30500,,2023,1st,,"$30,500",,,,religion
552,Harvard University,sociology phd,42840,1.5,2023,1st,,"$42,840",,,,sociology phd
553,Boston University,biomedical engineering,39780,1.39,2023,1st,"Distinguished fellowship.<br>Stipend is increased to $43,758 after quals","$39,780",,,,biomedical engineering
554,Tufts University,neuroscience,41000,1.47,2023,1st,,"$41,000",,,,neuroscience
555,Northeastern University,criminology,25500,0.89,2023,1st,,"$26,000",,,$500,criminology
556,Northeastern University,khoury,50000,1.75,2023,1st,,"$50,000",,,,khoury
557,Northeastern University,health sciences,38000,1.33,2023,,,"$40,000",,,"$2,000",health sciences
558,MIT,sloan,53508,1.92,2023,1st,"First two years do not require a TA/RA for funding,<br>last three years requires one term of TA/RA per <span class=""truncated""> year</span>","$53,508",,,,sloan
559,Harvard University,south asian studies,42840,1.5,2023,1st,,"$42,840",,,,south asian studies
560,Harvard University,health policy,42840,1.5,2023,1st,,,"$35,700","$7,140",,health policy
561,MIT,sloan school of management,56000,2.01,2023,1st,,"$56,000",,,,sloan school of management
562,Boston University,college of engineering,39780,1.39,2023,1st,Distinguished Fellowship,"$39,780",,,,college of engineering
563,Harvard University,public policy,42840,1.5,2023,1st,First year stipend with no teaching obligations.<br>Tuition and health fees covered in full.<br>,"$42,840",,,,public policy
564,Boston University,chemistry,37753,1.32,2023,1st,,"$38,253",,,$500,chemistry
565,Harvard University,business,47000,1.64,2023,1st,,"$47,000",,,,business
566,Harvard University,applied mathematics,43860,1.53,2023,2nd,,"$43,860",,,,applied mathematics
567,Tufts University,computer science,35000,1.25,2024,1st,,,"$35,000",,,computer science
568,Harvard University,history,50000,1.75,2024,1st,,"$50,000",,,,history
569,Boston University,counselling,41000,1.43,2024,1st,,"$41,000",,,,counselling
570,Harvard University,curriculum and pedagogy,48000,1.68,2024,5th,,"$50,000",,,"$2,000",curriculum and pedagogy
571,Harvard University,,50000,1.75,2024,,,"$50,000",,,,
572,Harvard University,astronomy,51000,1.78,2024,1st,full health insurance covered,"$51,000",,,,astronomy
573,MIT,sloan school of management,55848,2,2024,1st,,"$55,848",,,,sloan school of management
574,Boston University,physics,41000,1.43,2024,1st,,"$41,000",,,,physics
575,Harvard University,business economics,42000,1.47,2024,1st,,"$42,000",,,,business economics
576,Boston University,history of art and architecture,20000,0.7,2024,1st,,"$20,000",,,,history of art and architecture
577,MIT,finance,56000,2.01,2024,,,"$56,000",,,,finance
578,MIT,aero,40000,1.43,2024,1st,,"$40,000",,,,aero
579,Northeastern University,,43050,1.5,2024,1st,,"$43,050",,,,
580,MIT,chemistry,37206,1.33,2024,1st,,,"$37,206",,,chemistry
581,UMass Boston,computer science,17000,0.59,2025,1st,,"$20,000",,,"$3,000",computer science
582,Harvard University,mathematics,51500,,2025,2nd,,"$51,500",,,,mathematics
583,Harvard University,government,50000,,2025,2nd,,"$50,000",,,,government
584,Harvard University,public policy,51500,,2025,,,"$51,500",,,,public policy
585,Harvard University,history of science,51500,,2025,1st,,"$51,500",,,,history of science
586,Harvard University,human evolutionary biology,51500,,2025,1st,"Full coverage of tuition ($57,328) and health insurance ($6,108).","$51,500",,,,human evolutionary biology
587,Harvard University,history,51500,,2025,1st,"Monthly stipend (before taxes) comes out to 4,205. A lump sum of 1,040 is given once in September to offset dental insurance and commute transportation costs for the year.","$51,500",,,,history
588,Northeastern University,bioengineering,43400,,2025,1st,,"$43,400",,,,bioengineering
589,Northeastern University,biology,42073,,2025,1st,"package includes Northeastern’s Student Health Insurance Plan. Fees not certain yet, at least  several hundred for university activities and enrollment. Extra fee for internationals.","$42,073",,,,biology
590,MIT,biology,50752,,2025,6th and up,Health insurance included. Dental insurance is like $10/month,"$50,752",,,,biology
591,MIT,aeroastro,47000,,2025,1st,,"$47,000",,,,aeroastro
592,MIT,psychology,30000,,2025,6th and up,,"$30,000",,,,psychology
593,MIT,political science,51000,,2025,1st,,"$51,000",,,,political science
594,Boston University,electrical engineering,48750,,2025,3rd,,"$48,750",,,,electrical engineering
595,Boston University,bioinformatics,46350,,2025,,,"$46,350",,,,bioinformatics
596,Boston University,business,45000,,2025,1st,,"$45,000",,,,business
597,UMass Boston,computer science,17000,,2025,1st,,"$17,000",,,,computer science
598,Tufts University,electrical and computer engineering,48500,,2025,3rd,,"$48,500",,,,electrical and computer engineering
599,Tufts University,biomedical engineering,44667,,2025,,,"$44,667",,,,biomedical engineering